symbol,status
ETHBTC,TRADING
LTCBTC,TRADING
BNBBTC,TRADING
NEOBTC,TRADING
QTUMETH,TRADING
EOSETH,TRADING
SNTETH,TRADING
BNTETH,TRADING
BCCBTC,BREAK
GASBTC,TRADING
BNBETH,TRADING
BTCUSDT,TRADING
ETHUSDT,TRADING
HSRBTC,BREAK
OAXETH,BREAK
DNTETH,BREAK
MCOETH,BREAK
ICNETH,BREAK
MCOBTC,BREAK
WTCBTC,TRADING
WTCETH,BREAK
LRCBTC,TRADING
LRCETH,TRADING
QTUMBTC,TRADING
YOYOBTC,TRADING
OMGBTC,TRADING
OMGETH,TRADING
ZRXBTC,TRADING
ZRXETH,TRADING
STRATBTC,BREAK
STRATETH,BREAK
SNGLSBTC,TRADING
SNGLSETH,BREAK
BQXBTC,TRADING
BQXETH,TRADING
KNCBTC,TRADING
KNCETH,TRADING
FUNBTC,TRADING
FUNETH,TRADING
SNMBTC,TRADING
SNMETH,BREAK
NEOETH,TRADING
IOTABTC,TRADING
IOTAETH,TRADING
LINKBTC,TRADING
LINKETH,TRADING
XVGBTC,TRADING
XVGETH,TRADING
SALTBTC,BREAK
SALTETH,BREAK
MDABTC,TRADING
MDAETH,BREAK
MTLBTC,TRADING
MTLETH,TRADING
SUBBTC,BREAK
SUBETH,BREAK
EOSBTC,TRADING
SNTBTC,TRADING
ETCETH,TRADING
ETCBTC,TRADING
MTHBTC,TRADING
MTHETH,BREAK
ENGBTC,BREAK
ENGETH,BREAK
DNTBTC,TRADING
ZECBTC,TRADING
ZECETH,TRADING
BNTBTC,TRADING
ASTBTC,TRADING
ASTETH,BREAK
DASHBTC,TRADING
DASHETH,TRADING
OAXBTC,TRADING
ICNBTC,BREAK
BTGBTC,TRADING
BTGETH,BREAK
EVXBTC,TRADING
EVXETH,BREAK
REQBTC,TRADING
REQETH,BREAK
VIBBTC,TRADING
VIBETH,TRADING
HSRETH,BREAK
TRXBTC,TRADING
TRXETH,TRADING
POWRBTC,TRADING
POWRETH,TRADING
ARKBTC,TRADING
ARKETH,BREAK
YOYOETH,BREAK
XRPBTC,TRADING
XRPETH,TRADING
MODBTC,BREAK
MODETH,BREAK
ENJBTC,TRADING
ENJETH,TRADING
STORJBTC,TRADING
STORJETH,BREAK
BNBUSDT,TRADING
VENBNB,BREAK
YOYOBNB,BREAK
POWRBNB,BREAK
VENBTC,BREAK
VENETH,BREAK
KMDBTC,TRADING
KMDETH,TRADING
NULSBNB,BREAK
RCNBTC,TRADING
RCNETH,BREAK
RCNBNB,BREAK
NULSBTC,TRADING
NULSETH,BREAK
RDNBTC,TRADING
RDNETH,BREAK
RDNBNB,BREAK
XMRBTC,TRADING
XMRETH,TRADING
DLTBNB,BREAK
WTCBNB,TRADING
DLTBTC,TRADING
DLTETH,BREAK
AMBBTC,TRADING
AMBETH,BREAK
AMBBNB,BREAK
BCCETH,BREAK
BCCUSDT,BREAK
BCCBNB,BREAK
BATBTC,TRADING
BATETH,TRADING
BATBNB,TRADING
BCPTBTC,TRADING
BCPTETH,BREAK
BCPTBNB,BREAK
ARNBTC,BREAK
ARNETH,BREAK
GVTBTC,TRADING
GVTETH,BREAK
CDTBTC,TRADING
CDTETH,TRADING
GXSBTC,TRADING
GXSETH,TRADING
NEOUSDT,TRADING
NEOBNB,TRADING
POEBTC,BREAK
POEETH,BREAK
QSPBTC,TRADING
QSPETH,TRADING
QSPBNB,BREAK
BTSBTC,TRADING
BTSETH,BREAK
BTSBNB,BREAK
XZCBTC,BREAK
XZCETH,BREAK
XZCBNB,BREAK
LSKBTC,TRADING
LSKETH,TRADING
LSKBNB,BREAK
TNTBTC,BREAK
TNTETH,BREAK
FUELBTC,BREAK
FUELETH,BREAK
MANABTC,TRADING
MANAETH,TRADING
BCDBTC,TRADING
BCDETH,BREAK
DGDBTC,BREAK
DGDETH,BREAK
IOTABNB,TRADING
ADXBTC,TRADING
ADXETH,TRADING
ADXBNB,BREAK
ADABTC,TRADING
ADAETH,TRADING
PPTBTC,TRADING
PPTETH,BREAK
CMTBTC,BREAK
CMTETH,TRADING
CMTBNB,BREAK
XLMBTC,TRADING
XLMETH,TRADING
XLMBNB,TRADING
CNDBTC,TRADING
CNDETH,BREAK
CNDBNB,BREAK
LENDBTC,BREAK
LENDETH,BREAK
WABIBTC,TRADING
WABIETH,BREAK
WABIBNB,TRADING
LTCETH,TRADING
LTCUSDT,TRADING
LTCBNB,TRADING
TNBBTC,TRADING
TNBETH,BREAK
WAVESBTC,TRADING
WAVESETH,TRADING
WAVESBNB,TRADING
GTOBTC,TRADING
GTOETH,BREAK
GTOBNB,BREAK
ICXBTC,TRADING
ICXETH,TRADING
ICXBNB,TRADING
OSTBTC,TRADING
OSTETH,TRADING
OSTBNB,BREAK
ELFBTC,TRADING
ELFETH,TRADING
AIONBTC,TRADING
AIONETH,TRADING
AIONBNB,BREAK
NEBLBTC,TRADING
NEBLETH,TRADING
NEBLBNB,BREAK
BRDBTC,TRADING
BRDETH,TRADING
BRDBNB,BREAK
MCOBNB,BREAK
EDOBTC,BREAK
EDOETH,BREAK
WINGSBTC,BREAK
WINGSETH,BREAK
NAVBTC,TRADING
NAVETH,BREAK
NAVBNB,BREAK
LUNBTC,BREAK
LUNETH,BREAK
TRIGBTC,BREAK
TRIGETH,BREAK
TRIGBNB,BREAK
APPCBTC,TRADING
APPCETH,BREAK
APPCBNB,BREAK
VIBEBTC,TRADING
VIBEETH,BREAK
RLCBTC,TRADING
RLCETH,TRADING
RLCBNB,BREAK
INSBTC,BREAK
INSETH,BREAK
PIVXBTC,TRADING
PIVXETH,TRADING
PIVXBNB,BREAK
IOSTBTC,TRADING
IOSTETH,TRADING
CHATBTC,BREAK
CHATETH,BREAK
STEEMBTC,TRADING
STEEMETH,TRADING
STEEMBNB,BREAK
NANOBTC,TRADING
NANOETH,TRADING
NANOBNB,BREAK
VIABTC,TRADING
VIAETH,BREAK
VIABNB,BREAK
BLZBTC,TRADING
BLZETH,TRADING
BLZBNB,TRADING
AEBTC,BREAK
AEETH,BREAK
AEBNB,BREAK
RPXBTC,BREAK
RPXETH,BREAK
RPXBNB,BREAK
NCASHBTC,BREAK
NCASHETH,TRADING
NCASHBNB,BREAK
POABTC,TRADING
POAETH,BREAK
POABNB,BREAK
ZILBTC,TRADING
ZILETH,TRADING
ZILBNB,TRADING
ONTBTC,TRADING
ONTETH,TRADING
ONTBNB,TRADING
STORMBTC,BREAK
STORMETH,BREAK
STORMBNB,BREAK
QTUMBNB,BREAK
QTUMUSDT,TRADING
XEMBTC,TRADING
XEMETH,TRADING
XEMBNB,BREAK
WANBTC,TRADING
WANETH,TRADING
WANBNB,TRADING
WPRBTC,TRADING
WPRETH,BREAK
QLCBTC,TRADING
QLCETH,TRADING
SYSBTC,TRADING
SYSETH,BREAK
SYSBNB,BREAK
QLCBNB,BREAK
GRSBTC,TRADING
GRSETH,BREAK
ADAUSDT,TRADING
ADABNB,TRADING
CLOAKBTC,BREAK
CLOAKETH,BREAK
GNTBTC,BREAK
GNTETH,BREAK
GNTBNB,BREAK
LOOMBTC,TRADING
LOOMETH,TRADING
LOOMBNB,BREAK
XRPUSDT,TRADING
BCNBTC,BREAK
BCNETH,BREAK
BCNBNB,BREAK
REPBTC,TRADING
REPETH,TRADING
REPBNB,BREAK
BTCTUSD,TRADING
TUSDBTC,BREAK
ETHTUSD,TRADING
TUSDETH,BREAK
TUSDBNB,BREAK
ZENBTC,TRADING
ZENETH,TRADING
ZENBNB,TRADING
SKYBTC,TRADING
SKYETH,BREAK
SKYBNB,BREAK
EOSUSDT,TRADING
EOSBNB,TRADING
CVCBTC,TRADING
CVCETH,TRADING
CVCBNB,BREAK
THETABTC,TRADING
THETAETH,TRADING
THETABNB,TRADING
XRPBNB,TRADING
TUSDUSDT,TRADING
IOTAUSDT,TRADING
XLMUSDT,TRADING
IOTXBTC,TRADING
IOTXETH,TRADING
QKCBTC,TRADING
QKCETH,TRADING
AGIBTC,TRADING
AGIETH,BREAK
AGIBNB,BREAK
NXSBTC,TRADING
NXSETH,BREAK
NXSBNB,BREAK
ENJBNB,TRADING
DATABTC,TRADING
DATAETH,TRADING
ONTUSDT,TRADING
TRXBNB,TRADING
TRXUSDT,TRADING
ETCUSDT,TRADING
ETCBNB,TRADING
ICXUSDT,TRADING
SCBTC,TRADING
SCETH,TRADING
SCBNB,TRADING
NPXSBTC,BREAK
NPXSETH,TRADING
VENUSDT,BREAK
KEYBTC,BREAK
KEYETH,TRADING
NASBTC,TRADING
NASETH,TRADING
NASBNB,BREAK
MFTBTC,BREAK
MFTETH,TRADING
MFTBNB,TRADING
DENTBTC,BREAK
DENTETH,TRADING
ARDRBTC,TRADING
ARDRETH,BREAK
ARDRBNB,BREAK
NULSUSDT,TRADING
HOTBTC,BREAK
HOTETH,TRADING
VETBTC,TRADING
VETETH,TRADING
VETUSDT,TRADING
VETBNB,TRADING
DOCKBTC,TRADING
DOCKETH,BREAK
POLYBTC,TRADING
POLYBNB,BREAK
PHXBTC,BREAK
PHXETH,BREAK
PHXBNB,BREAK
HCBTC,BREAK
HCETH,BREAK
GOBTC,TRADING
GOBNB,BREAK
PAXBTC,BREAK
PAXBNB,BREAK
PAXUSDT,TRADING
PAXETH,BREAK
RVNBTC,TRADING
RVNBNB,TRADING
DCRBTC,TRADING
DCRBNB,BREAK
USDCBNB,BREAK
MITHBTC,TRADING
MITHBNB,TRADING
BCHABCBTC,BREAK
BCHSVBTC,BREAK
BCHABCUSDT,BREAK
BCHSVUSDT,BREAK
BNBPAX,TRADING
BTCPAX,TRADING
ETHPAX,TRADING
XRPPAX,TRADING
EOSPAX,BREAK
XLMPAX,BREAK
RENBTC,TRADING
RENBNB,BREAK
BNBTUSD,TRADING
XRPTUSD,TRADING
EOSTUSD,TRADING
XLMTUSD,BREAK
BNBUSDC,TRADING
BTCUSDC,TRADING
ETHUSDC,TRADING
XRPUSDC,TRADING
EOSUSDC,TRADING
XLMUSDC,BREAK
USDCUSDT,TRADING
ADATUSD,TRADING
TRXTUSD,TRADING
NEOTUSD,BREAK
TRXXRP,TRADING
XZCXRP,BREAK
PAXTUSD,BREAK
USDCTUSD,BREAK
USDCPAX,BREAK
LINKUSDT,TRADING
LINKTUSD,TRADING
LINKPAX,BREAK
LINKUSDC,TRADING
WAVESUSDT,TRADING
WAVESTUSD,BREAK
WAVESPAX,BREAK
WAVESUSDC,BREAK
BCHABCTUSD,BREAK
BCHABCPAX,BREAK
BCHABCUSDC,BREAK
BCHSVTUSD,BREAK
BCHSVPAX,BREAK
BCHSVUSDC,BREAK
LTCTUSD,TRADING
LTCPAX,TRADING
LTCUSDC,TRADING
TRXPAX,TRADING
TRXUSDC,TRADING
BTTBTC,BREAK
BTTBNB,TRADING
BTTUSDT,TRADING
BNBUSDS,BREAK
BTCUSDS,BREAK
USDSUSDT,BREAK
USDSPAX,BREAK
USDSTUSD,BREAK
USDSUSDC,BREAK
BTTPAX,BREAK
BTTTUSD,TRADING
BTTUSDC,TRADING
ONGBNB,BREAK
ONGBTC,TRADING
ONGUSDT,TRADING
HOTBNB,TRADING
HOTUSDT,TRADING
ZILUSDT,TRADING
ZRXBNB,BREAK
ZRXUSDT,TRADING
FETBNB,TRADING
FETBTC,TRADING
FETUSDT,TRADING
BATUSDT,TRADING
XMRBNB,TRADING
XMRUSDT,TRADING
ZECBNB,TRADING
ZECUSDT,TRADING
ZECPAX,BREAK
ZECTUSD,BREAK
ZECUSDC,TRADING
IOSTBNB,TRADING
IOSTUSDT,TRADING
CELRBNB,TRADING
CELRBTC,TRADING
CELRUSDT,TRADING
ADAPAX,BREAK
ADAUSDC,TRADING
NEOPAX,BREAK
NEOUSDC,TRADING
DASHBNB,TRADING
DASHUSDT,TRADING
NANOUSDT,TRADING
OMGBNB,BREAK
OMGUSDT,TRADING
THETAUSDT,TRADING
ENJUSDT,TRADING
MITHUSDT,TRADING
MATICBNB,TRADING
MATICBTC,TRADING
MATICUSDT,TRADING
ATOMBNB,TRADING
ATOMBTC,TRADING
ATOMUSDT,TRADING
ATOMUSDC,TRADING
ATOMPAX,BREAK
ATOMTUSD,BREAK
ETCUSDC,BREAK
ETCPAX,BREAK
ETCTUSD,BREAK
BATUSDC,TRADING
BATPAX,BREAK
BATTUSD,BREAK
PHBBNB,BREAK
PHBBTC,TRADING
PHBUSDC,BREAK
PHBTUSD,TRADING
PHBPAX,BREAK
TFUELBNB,BREAK
TFUELBTC,TRADING
TFUELUSDT,TRADING
TFUELUSDC,BREAK
TFUELTUSD,BREAK
TFUELPAX,BREAK
ONEBNB,TRADING
ONEBTC,TRADING
ONEUSDT,TRADING
ONETUSD,BREAK
ONEPAX,BREAK
ONEUSDC,BREAK
FTMBNB,TRADING
FTMBTC,TRADING
FTMUSDT,TRADING
FTMTUSD,BREAK
FTMPAX,BREAK
FTMUSDC,BREAK
BTCBBTC,BREAK
BCPTTUSD,BREAK
BCPTPAX,BREAK
BCPTUSDC,BREAK
ALGOBNB,TRADING
ALGOBTC,TRADING
ALGOUSDT,TRADING
ALGOTUSD,TRADING
ALGOPAX,BREAK
ALGOUSDC,BREAK
USDSBUSDT,BREAK
USDSBUSDS,BREAK
GTOUSDT,TRADING
GTOPAX,BREAK
GTOTUSD,BREAK
GTOUSDC,BREAK
ERDBNB,BREAK
ERDBTC,BREAK
ERDUSDT,BREAK
ERDPAX,BREAK
ERDUSDC,BREAK
DOGEBNB,BREAK
DOGEBTC,TRADING
DOGEUSDT,TRADING
DOGEPAX,BREAK
DOGEUSDC,BREAK
DUSKBNB,BREAK
DUSKBTC,TRADING
DUSKUSDT,TRADING
DUSKUSDC,BREAK
DUSKPAX,BREAK
BGBPUSDC,BREAK
ANKRBNB,TRADING
ANKRBTC,TRADING
ANKRUSDT,TRADING
ANKRTUSD,BREAK
ANKRPAX,BREAK
ANKRUSDC,BREAK
ONTPAX,BREAK
ONTUSDC,BREAK
WINBNB,TRADING
WINBTC,BREAK
WINUSDT,TRADING
WINUSDC,TRADING
COSBNB,TRADING
COSBTC,TRADING
COSUSDT,TRADING
TUSDBTUSD,BREAK
NPXSUSDT,TRADING
NPXSUSDC,BREAK
COCOSBNB,TRADING
COCOSBTC,BREAK
COCOSUSDT,TRADING
MTLUSDT,TRADING
TOMOBNB,BREAK
TOMOBTC,TRADING
TOMOUSDT,TRADING
TOMOUSDC,BREAK
PERLBNB,TRADING
PERLBTC,TRADING
PERLUSDC,BREAK
PERLUSDT,TRADING
DENTUSDT,TRADING
MFTUSDT,TRADING
KEYUSDT,TRADING
STORMUSDT,BREAK
DOCKUSDT,TRADING
WANUSDT,TRADING
FUNUSDT,TRADING
CVCUSDT,TRADING
BTTTRX,TRADING
WINTRX,TRADING
CHZBNB,TRADING
CHZBTC,TRADING
CHZUSDT,TRADING
BANDBNB,TRADING
BANDBTC,TRADING
BANDUSDT,TRADING
BNBBUSD,TRADING
BTCBUSD,TRADING
BUSDUSDT,TRADING
BEAMBNB,BREAK
BEAMBTC,TRADING
BEAMUSDT,TRADING
XTZBNB,TRADING
XTZBTC,TRADING
XTZUSDT,TRADING
RENUSDT,TRADING
RVNUSDT,TRADING
HCUSDT,BREAK
HBARBNB,TRADING
HBARBTC,TRADING
HBARUSDT,TRADING
NKNBNB,BREAK
NKNBTC,TRADING
NKNUSDT,TRADING
XRPBUSD,TRADING
ETHBUSD,TRADING
BCHABCBUSD,BREAK
LTCBUSD,TRADING
LINKBUSD,TRADING
ETCBUSD,TRADING
STXBNB,TRADING
STXBTC,TRADING
STXUSDT,TRADING
KAVABNB,TRADING
KAVABTC,TRADING
KAVAUSDT,TRADING
BUSDNGN,TRADING
BNBNGN,TRADING
BTCNGN,TRADING
ARPABNB,TRADING
ARPABTC,TRADING
ARPAUSDT,TRADING
TRXBUSD,TRADING
EOSBUSD,TRADING
IOTXUSDT,TRADING
RLCUSDT,TRADING
MCOUSDT,BREAK
XLMBUSD,TRADING
ADABUSD,TRADING
CTXCBNB,BREAK
CTXCBTC,TRADING
CTXCUSDT,TRADING
BCHBNB,TRADING
BCHBTC,TRADING
BCHUSDT,TRADING
BCHUSDC,TRADING
BCHTUSD,TRADING
BCHPAX,TRADING
BCHBUSD,TRADING
BTCRUB,TRADING
ETHRUB,TRADING
XRPRUB,TRADING
BNBRUB,TRADING
TROYBNB,TRADING
TROYBTC,TRADING
TROYUSDT,TRADING
BUSDRUB,TRADING
QTUMBUSD,TRADING
VETBUSD,TRADING
VITEBNB,BREAK
VITEBTC,TRADING
VITEUSDT,TRADING
FTTBNB,TRADING
FTTBTC,TRADING
FTTUSDT,TRADING
BTCTRY,TRADING
BNBTRY,TRADING
BUSDTRY,TRADING
ETHTRY,TRADING
XRPTRY,TRADING
USDTTRY,TRADING
USDTRUB,TRADING
BTCEUR,TRADING
ETHEUR,TRADING
BNBEUR,TRADING
XRPEUR,TRADING
EURBUSD,TRADING
EURUSDT,TRADING
OGNBNB,TRADING
OGNBTC,TRADING
OGNUSDT,TRADING
DREPBNB,BREAK
DREPBTC,TRADING
DREPUSDT,TRADING
BULLUSDT,BREAK
BULLBUSD,BREAK
BEARUSDT,BREAK
BEARBUSD,BREAK
ETHBULLUSDT,BREAK
ETHBULLBUSD,BREAK
ETHBEARUSDT,BREAK
ETHBEARBUSD,BREAK
TCTBNB,BREAK
TCTBTC,TRADING
TCTUSDT,TRADING
WRXBNB,TRADING
WRXBTC,TRADING
WRXUSDT,TRADING
ICXBUSD,TRADING
BTSUSDT,TRADING
BTSBUSD,BREAK
LSKUSDT,TRADING
BNTUSDT,TRADING
BNTBUSD,TRADING
LTOBNB,BREAK
LTOBTC,TRADING
LTOUSDT,TRADING
ATOMBUSD,TRADING
DASHBUSD,TRADING
NEOBUSD,TRADING
WAVESBUSD,TRADING
XTZBUSD,TRADING
EOSBULLUSDT,BREAK
EOSBULLBUSD,BREAK
EOSBEARUSDT,BREAK
EOSBEARBUSD,BREAK
XRPBULLUSDT,BREAK
XRPBULLBUSD,BREAK
XRPBEARUSDT,BREAK
XRPBEARBUSD,BREAK
BATBUSD,TRADING
ENJBUSD,TRADING
NANOBUSD,TRADING
ONTBUSD,TRADING
RVNBUSD,TRADING
STRATBUSD,BREAK
STRATBNB,BREAK
STRATUSDT,BREAK
AIONBUSD,BREAK
AIONUSDT,TRADING
MBLBNB,TRADING
MBLBTC,BREAK
MBLUSDT,TRADING
COTIBNB,TRADING
COTIBTC,TRADING
COTIUSDT,TRADING
ALGOBUSD,TRADING
BTTBUSD,TRADING
TOMOBUSD,TRADING
XMRBUSD,TRADING
ZECBUSD,TRADING
BNBBULLUSDT,BREAK
BNBBULLBUSD,BREAK
BNBBEARUSDT,BREAK
BNBBEARBUSD,BREAK
STPTBNB,BREAK
STPTBTC,TRADING
STPTUSDT,TRADING
BTCZAR,TRADING
ETHZAR,TRADING
BNBZAR,TRADING
USDTZAR,TRADING
BUSDZAR,TRADING
BTCBKRW,BREAK
ETHBKRW,BREAK
BNBBKRW,BREAK
WTCUSDT,TRADING
DATABUSD,TRADING
DATAUSDT,TRADING
XZCUSDT,BREAK
SOLBNB,TRADING
SOLBTC,TRADING
SOLUSDT,TRADING
SOLBUSD,TRADING
BTCIDRT,TRADING
BNBIDRT,TRADING
USDTIDRT,TRADING
BUSDIDRT,TRADING
CTSIBTC,TRADING
CTSIUSDT,TRADING
CTSIBNB,TRADING
CTSIBUSD,TRADING
HIVEBNB,BREAK
HIVEBTC,TRADING
HIVEUSDT,TRADING
CHRBNB,TRADING
CHRBTC,TRADING
CHRUSDT,TRADING
BTCUPUSDT,TRADING
BTCDOWNUSDT,TRADING
GXSUSDT,TRADING
ARDRUSDT,TRADING
ERDBUSD,BREAK
LENDUSDT,BREAK
HBARBUSD,TRADING
MATICBUSD,TRADING
WRXBUSD,TRADING
ZILBUSD,TRADING
MDTBNB,BREAK
MDTBTC,TRADING
MDTUSDT,TRADING
STMXBNB,TRADING
STMXBTC,TRADING
STMXETH,TRADING
STMXUSDT,TRADING
KNCBUSD,TRADING
KNCUSDT,TRADING
REPBUSD,BREAK
REPUSDT,TRADING
LRCBUSD,TRADING
LRCUSDT,TRADING
IQBNB,TRADING
IQBUSD,TRADING
PNTBTC,TRADING
PNTUSDT,TRADING
BTCGBP,TRADING
ETHGBP,TRADING
XRPGBP,TRADING
BNBGBP,TRADING
GBPBUSD,TRADING
DGBBNB,TRADING
DGBBTC,TRADING
DGBBUSD,TRADING
BTCUAH,TRADING
USDTUAH,TRADING
COMPBTC,TRADING
COMPBNB,BREAK
COMPBUSD,TRADING
COMPUSDT,TRADING
BTCBIDR,TRADING
ETHBIDR,TRADING
BNBBIDR,TRADING
BUSDBIDR,TRADING
USDTBIDR,TRADING
BKRWUSDT,BREAK
BKRWBUSD,BREAK
SCUSDT,TRADING
ZENUSDT,TRADING
SXPBTC,TRADING
SXPBNB,TRADING
SXPBUSD,TRADING
SNXBTC,TRADING
SNXBNB,TRADING
SNXBUSD,TRADING
SNXUSDT,TRADING
ETHUPUSDT,TRADING
ETHDOWNUSDT,TRADING
ADAUPUSDT,TRADING
ADADOWNUSDT,TRADING
LINKUPUSDT,TRADING
LINKDOWNUSDT,TRADING
VTHOBNB,TRADING
VTHOBUSD,BREAK
VTHOUSDT,TRADING
DCRBUSD,BREAK
DGBUSDT,TRADING
GBPUSDT,TRADING
STORJBUSD,BREAK
SXPUSDT,TRADING
IRISBNB,BREAK
IRISBTC,TRADING
IRISBUSD,BREAK
MKRBNB,TRADING
MKRBTC,TRADING
MKRUSDT,TRADING
MKRBUSD,TRADING
DAIBNB,BREAK
DAIBTC,BREAK
DAIUSDT,BREAK
DAIBUSD,BREAK
RUNEBNB,TRADING
RUNEBTC,TRADING
RUNEBUSD,TRADING
MANABUSD,TRADING
DOGEBUSD,TRADING
LENDBUSD,BREAK
ZRXBUSD,TRADING
DCRUSDT,TRADING
STORJUSDT,TRADING
XRPBKRW,BREAK
ADABKRW,BREAK
BTCAUD,TRADING
ETHAUD,TRADING
AUDBUSD,TRADING
FIOBNB,TRADING
FIOBTC,TRADING
FIOBUSD,TRADING
BNBUPUSDT,TRADING
BNBDOWNUSDT,TRADING
XTZUPUSDT,TRADING
XTZDOWNUSDT,TRADING
AVABNB,TRADING
AVABTC,TRADING
AVABUSD,TRADING
USDTBKRW,TRADING
BUSDBKRW,BREAK
IOTABUSD,TRADING
MANAUSDT,TRADING
XRPAUD,TRADING
BNBAUD,TRADING
AUDUSDT,TRADING
BALBNB,BREAK
BALBTC,TRADING
BALBUSD,TRADING
YFIBNB,TRADING
YFIBTC,TRADING
YFIBUSD,TRADING
YFIUSDT,TRADING
BLZBUSD,BREAK
KMDBUSD,BREAK
BALUSDT,TRADING
BLZUSDT,TRADING
IRISUSDT,TRADING
KMDUSDT,TRADING
BTCDAI,TRADING
ETHDAI,TRADING
BNBDAI,TRADING
USDTDAI,TRADING
BUSDDAI,TRADING
JSTBNB,TRADING
JSTBTC,TRADING
JSTBUSD,TRADING
JSTUSDT,TRADING
SRMBNB,TRADING
SRMBTC,TRADING
SRMBUSD,TRADING
SRMUSDT,TRADING
ANTBNB,TRADING
ANTBTC,TRADING
ANTBUSD,TRADING
ANTUSDT,TRADING
CRVBNB,TRADING
CRVBTC,TRADING
CRVBUSD,TRADING
CRVUSDT,TRADING
SANDBNB,TRADING
SANDBTC,TRADING
SANDUSDT,TRADING
SANDBUSD,TRADING
OCEANBNB,TRADING
OCEANBTC,TRADING
OCEANBUSD,TRADING
OCEANUSDT,TRADING
NMRBNB,TRADING
NMRBTC,TRADING
NMRBUSD,TRADING
NMRUSDT,TRADING
DOTBNB,TRADING
DOTBTC,TRADING
DOTBUSD,TRADING
DOTUSDT,TRADING
LUNABNB,TRADING
LUNABTC,TRADING
LUNABUSD,TRADING
LUNAUSDT,TRADING
IDEXBTC,TRADING
IDEXBUSD,TRADING
RSRBNB,TRADING
RSRBTC,TRADING
RSRBUSD,TRADING
RSRUSDT,TRADING
PAXGBNB,TRADING
PAXGBTC,TRADING
PAXGBUSD,BREAK
PAXGUSDT,TRADING
WNXMBNB,TRADING
WNXMBTC,TRADING
WNXMBUSD,BREAK
WNXMUSDT,TRADING
TRBBNB,BREAK
TRBBTC,TRADING
TRBBUSD,TRADING
TRBUSDT,TRADING
ETHNGN,TRADING
DOTBIDR,TRADING
LINKAUD,TRADING
SXPAUD,TRADING
BZRXBNB,BREAK
BZRXBTC,TRADING
BZRXBUSD,TRADING
BZRXUSDT,TRADING
WBTCBTC,TRADING
WBTCETH,TRADING
SUSHIBNB,TRADING
SUSHIBTC,TRADING
SUSHIBUSD,TRADING
SUSHIUSDT,TRADING
YFIIBNB,TRADING
YFIIBTC,TRADING
YFIIBUSD,TRADING
YFIIUSDT,TRADING
KSMBNB,TRADING
KSMBTC,TRADING
KSMBUSD,TRADING
KSMUSDT,TRADING
EGLDBNB,TRADING
EGLDBTC,TRADING
EGLDBUSD,TRADING
EGLDUSDT,TRADING
DIABNB,TRADING
DIABTC,TRADING
DIABUSD,TRADING
DIAUSDT,TRADING
RUNEUSDT,TRADING
FIOUSDT,TRADING
UMABTC,TRADING
UMAUSDT,TRADING
EOSUPUSDT,TRADING
EOSDOWNUSDT,TRADING
TRXUPUSDT,TRADING
TRXDOWNUSDT,TRADING
XRPUPUSDT,TRADING
XRPDOWNUSDT,TRADING
DOTUPUSDT,TRADING
DOTDOWNUSDT,TRADING
SRMBIDR,BREAK
ONEBIDR,BREAK
LINKTRY,TRADING
USDTNGN,TRADING
BELBNB,TRADING
BELBTC,TRADING
BELBUSD,TRADING
BELUSDT,TRADING
WINGBNB,TRADING
WINGBTC,TRADING
SWRVBNB,TRADING
SWRVBUSD,TRADING
WINGBUSD,TRADING
WINGUSDT,TRADING
LTCUPUSDT,TRADING
LTCDOWNUSDT,TRADING
LENDBKRW,BREAK
SXPEUR,TRADING
CREAMBNB,TRADING
CREAMBUSD,TRADING
UNIBNB,TRADING
UNIBTC,TRADING
UNIBUSD,TRADING
UNIUSDT,TRADING
NBSBTC,TRADING
NBSUSDT,TRADING
OXTBTC,TRADING
OXTUSDT,TRADING
SUNBTC,TRADING
SUNUSDT,TRADING
AVAXBNB,TRADING
AVAXBTC,TRADING
AVAXBUSD,TRADING
AVAXUSDT,TRADING
HNTBTC,TRADING
HNTUSDT,TRADING
BAKEBNB,TRADING
BURGERBNB,TRADING
SXPBIDR,TRADING
LINKBKRW,BREAK
FLMBNB,BREAK
FLMBTC,TRADING
FLMBUSD,TRADING
FLMUSDT,TRADING
SCRTBTC,TRADING
SCRTETH,TRADING
CAKEBNB,TRADING
CAKEBUSD,TRADING
SPARTABNB,TRADING
UNIUPUSDT,TRADING
UNIDOWNUSDT,TRADING
ORNBTC,TRADING
ORNUSDT,TRADING
TRXNGN,TRADING
SXPTRY,TRADING
UTKBTC,TRADING
UTKUSDT,TRADING
XVSBNB,TRADING
XVSBTC,TRADING
XVSBUSD,TRADING
XVSUSDT,TRADING
ALPHABNB,TRADING
ALPHABTC,TRADING
ALPHABUSD,TRADING
ALPHAUSDT,TRADING
VIDTBTC,TRADING
VIDTBUSD,TRADING
AAVEBNB,TRADING
BTCBRL,TRADING
USDTBRL,TRADING
AAVEBTC,TRADING
AAVEETH,TRADING
AAVEBUSD,TRADING
AAVEUSDT,TRADING
AAVEBKRW,BREAK
NEARBNB,TRADING
NEARBTC,TRADING
NEARBUSD,TRADING
NEARUSDT,TRADING
SXPUPUSDT,TRADING
SXPDOWNUSDT,TRADING
DOTBKRW,BREAK
SXPGBP,TRADING
FILBNB,TRADING
FILBTC,TRADING
FILBUSD,TRADING
FILUSDT,TRADING
FILUPUSDT,TRADING
FILDOWNUSDT,TRADING
YFIUPUSDT,TRADING
YFIDOWNUSDT,TRADING
INJBNB,TRADING
INJBTC,TRADING
INJBUSD,TRADING
INJUSDT,TRADING
AERGOBTC,TRADING
AERGOBUSD,TRADING
LINKEUR,TRADING
ONEBUSD,TRADING
EASYETH,TRADING
AUDIOBTC,TRADING
AUDIOBUSD,TRADING
AUDIOUSDT,TRADING
CTKBNB,TRADING
CTKBTC,TRADING
CTKBUSD,TRADING
CTKUSDT,TRADING
BCHUPUSDT,BREAK
BCHDOWNUSDT,BREAK
BOTBTC,TRADING
BOTBUSD,TRADING
ETHBRL,TRADING
DOTEUR,TRADING
AKROBTC,TRADING
AKROUSDT,TRADING
KP3RBNB,TRADING
KP3RBUSD,TRADING
AXSBNB,TRADING
AXSBTC,TRADING
AXSBUSD,TRADING
AXSUSDT,TRADING
HARDBNB,TRADING
HARDBTC,TRADING
HARDBUSD,TRADING
HARDUSDT,TRADING
BNBBRL,TRADING
LTCEUR,TRADING
RENBTCBTC,TRADING
RENBTCETH,TRADING
DNTBUSD,TRADING
DNTUSDT,TRADING
SLPETH,TRADING
ADAEUR,TRADING
LTCNGN,TRADING
CVPETH,TRADING
CVPBUSD,TRADING
STRAXBTC,TRADING
STRAXETH,TRADING
STRAXBUSD,TRADING
STRAXUSDT,TRADING
FORBTC,TRADING
FORBUSD,TRADING
UNFIBNB,TRADING
UNFIBTC,TRADING
UNFIBUSD,TRADING
UNFIUSDT,TRADING
FRONTETH,TRADING
FRONTBUSD,TRADING
BCHABUSD,TRADING
ROSEBTC,TRADING
ROSEBUSD,TRADING
ROSEUSDT,TRADING
AVAXTRY,TRADING
BUSDBRL,TRADING
AVAUSDT,TRADING
SYSBUSD,TRADING
XEMUSDT,TRADING
HEGICETH,TRADING
HEGICBUSD,TRADING
AAVEUPUSDT,TRADING
AAVEDOWNUSDT,TRADING
PROMBNB,TRADING
PROMBUSD,TRADING
XRPBRL,TRADING
XRPNGN,TRADING
SKLBTC,TRADING
SKLBUSD,TRADING
SKLUSDT,TRADING
BCHEUR,TRADING
YFIEUR,TRADING
ZILBIDR,TRADING
SUSDBTC,TRADING
SUSDETH,TRADING
SUSDUSDT,TRADING
COVERETH,TRADING
COVERBUSD,TRADING
GLMBTC,TRADING
GLMETH,TRADING
GHSTETH,TRADING
GHSTBUSD,TRADING
SUSHIUPUSDT,TRADING
SUSHIDOWNUSDT,TRADING
XLMUPUSDT,TRADING
XLMDOWNUSDT,TRADING
LINKBRL,TRADING
LINKNGN,TRADING
LTCRUB,TRADING
TRXTRY,TRADING
XLMEUR,TRADING
DFETH,TRADING
DFBUSD,TRADING
GRTBTC,TRADING
GRTETH,TRADING
GRTUSDT,TRADING
JUVBTC,TRADING
JUVBUSD,TRADING
JUVUSDT,TRADING
PSGBTC,TRADING
PSGBUSD,TRADING
PSGUSDT,TRADING
BUSDBVND,TRADING
USDTBVND,TRADING
1INCHBTC,TRADING
1INCHUSDT,TRADING
REEFBTC,TRADING
REEFUSDT,TRADING
OGBTC,TRADING
OGUSDT,TRADING
ATMBTC,TRADING
ATMUSDT,TRADING
ASRBTC,TRADING
ASRUSDT,TRADING
CELOBTC,TRADING
CELOUSDT,TRADING
RIFBTC,TRADING
RIFUSDT,TRADING
CHZTRY,TRADING
XLMTRY,TRADING
LINKGBP,TRADING
GRTEUR,TRADING
BTCSTBTC,TRADING
BTCSTBUSD,TRADING
BTCSTUSDT,TRADING
TRUBTC,TRADING
TRUBUSD,TRADING
TRUUSDT,TRADING
DEXEETH,TRADING
DEXEBUSD,TRADING
EOSEUR,TRADING
LTCBRL,TRADING
USDCBUSD,TRADING
TUSDBUSD,TRADING
PAXBUSD,TRADING
CKBBTC,TRADING
CKBBUSD,TRADING
CKBUSDT,TRADING
TWTBTC,TRADING
TWTBUSD,TRADING
TWTUSDT,TRADING
FIROBTC,TRADING
FIROETH,TRADING
FIROUSDT,TRADING
BETHETH,TRADING
DOGEEUR,TRADING
DOGETRY,TRADING
